{
  "ext/controller/shows.js": 1699868563236,
  "ext/controller/showd.js": 1699868617784,
  "i18n/i18n.properties": 1699866531049,
  "manifest.json": 1699890334762,
  "ext/controller/show.js": 1699868640544,
  "ext/controller/Pdfcontroller.controller.js": 1699869552870,
  "ext/controller/PdfControllerSubmitted.controller.js": 1699869651153,
  "ext/controller/PdfControllerDraft.controller.js": 1699869589118,
  "Component.js": 1699866503281,
  "Component-preload.js": 1699890335075,
  "ext/controller/showd-dbg.js": 1699868617784,
  "ext/controller/shows-dbg.js": 1699868563236,
  "ext/controller/show-dbg.js": 1699868640544,
  "ext/controller/Pdfcontroller-dbg.controller.js": 1699869552870,
  "ext/controller/PdfControllerSubmitted-dbg.controller.js": 1699869651153,
  "ext/controller/PdfControllerDraft-dbg.controller.js": 1699869589118,
  "Component-dbg.js": 1699866503281,
  "ext/fragment/Custdraft.fragment.xml": 1699869789501,
  "index.html": 1699866503281
}