<core:FragmentDefinition xmlns:core="sap.ui.core" xmlns="sap.m" xmlns:macros="sap.fe.macros">
    <VBox id="_IDGenVBox1">
        <VBox id="_IDGenVBox2">
            <HBox id="_IDGenHBox1">
                <Text id="_IDGenText2" text="Send Notification"/>
                <Input width="90%" id="input0" value="{due_notification}" />
                <Text id="_IDGenText6" text="day(s) before due date, send reminder every"/>
                <Input width="90%" id="input1" value="{due_reminder}" />
                <Text id="_IDGenText7" text="day(s) thereafter."/>
            </HBox>
        </VBox>
        <VBox id="_IDGenVBox3">
            <HBox id="_IDGenHBox2">
                <Text id="_IDGenText5" text="Send Overdue Notification"/>
                <Input width="90%" id="input3" value="{overdue_notification}" />
                <Text id="_IDGenText8" text="day(s) after due date, send reminder every"/>
                <Input width="90%" id="input4" value="{overdue_reminder}" />
                <Text id="_IDGenText9" text="day(s) thereafter."/>
            </HBox>
        </VBox>
    </VBox>
</core:FragmentDefinition>
