{
  "index.html": 1699893976973,
  "ext/controller/showd.js": 1699893976973,
  "ext/controller/shows.js": 1699893976973,
  "manifest.json": 1700065567581,
  "ext/controller/show.js": 1699893976973,
  "ext/controller/Pdfcontroller.controller.js": 1699893976973,
  "ext/controller/PdfControllerSubmitted.controller.js": 1699893976973,
  "ext/controller/PdfControllerDraft.controller.js": 1699893976973,
  "ext/controller/Draftattachment.js": 1699954917971,
  "Component.js": 1699893976973,
  "Component-preload.js": 1700065567980,
  "ext/controller/show-dbg.js": 1699893976973,
  "ext/controller/showd-dbg.js": 1699893976973,
  "ext/controller/shows-dbg.js": 1699893976973,
  "ext/controller/Pdfcontroller-dbg.controller.js": 1699893976973,
  "ext/controller/PdfControllerSubmitted-dbg.controller.js": 1699893976973,
  "ext/controller/PdfControllerDraft-dbg.controller.js": 1699893976973,
  "ext/controller/Draftattachment-dbg.js": 1699954917971,
  "Component-dbg.js": 1699893976973,
  "ext/fragment/Draftattachment.fragment.xml": 1699954942255,
  "ext/fragment/Custdraft.fragment.xml": 1699893976973,
  "i18n/i18n.properties": 1699893976973
}